{"name":"c2958067-0634-44b9-b2a6-491015ba6242","id":"/providers/Microsoft.Flow/flows/c2958067-0634-44b9-b2a6-491015ba6242","type":"Microsoft.Flow/flows","properties":{"apiId":"/providers/Microsoft.PowerApps/apis/shared_logicflows","displayName":"CT Clouc","definition":{"metadata":{"workflowEntityId":null,"processAdvisorMetadata":null,"flowChargedByPaygo":null,"flowclientsuspensionreason":"None","flowclientsuspensiontime":null,"flowclientsuspensionreasondetails":null,"creator":{"id":"096f4d1a-674f-4b7d-a520-dafd76a4a046","type":"User","tenantId":"f651bb08-d47e-4082-9eac-58ea3ae7ad1f"},"provisioningMethod":"FromDefinition","failureAlertSubscription":true,"clientLastModifiedTime":"2026-01-19T19:12:07.3652988Z","connectionKeySavedTimeKey":"2026-01-19T19:12:07.3652988Z","creationSource":"Portal","modifiedSources":"Portal"},"$schema":"https://schema.management.azure.com/providers/Microsoft.Logic/schemas/2016-06-01/workflowdefinition.json#","contentVersion":"undefined","parameters":{"$authentication":{"defaultValue":{},"type":"SecureObject"},"$connections":{"defaultValue":{},"type":"Object"}},"triggers":{"manual":{"type":"Request","kind":"Button","inputs":{"schema":{"type":"object","properties":{},"required":[]}}}},"actions":{"Get_file_content":{"runAfter":{},"metadata":{"b!UrsVwLUkyU6hQnHlf8HWJ8XcvKLCtLpKnGGt4N4xmncKNasxKBO0SZBxnMZuPcW5.01FIZBAZJ7GUKROOUD65GYJ2J6OSKPMJR5":"/Data Analysis Projects/Data/CT Sales Performance.xlsm"},"type":"OpenApiConnection","inputs":{"parameters":{"id":"b!UrsVwLUkyU6hQnHlf8HWJ8XcvKLCtLpKnGGt4N4xmncKNasxKBO0SZBxnMZuPcW5.01FIZBAZJ7GUKROOUD65GYJ2J6OSKPMJR5","inferContentType":true},"host":{"apiId":"/providers/Microsoft.PowerApps/apis/shared_onedriveforbusiness","connectionName":"shared_onedriveforbusiness","operationId":"GetFileContent"},"authentication":{"value":"@json(decodeBase64(triggerOutputs().headers['X-MS-APIM-Tokens']))['$ConnectionKey']","type":"Raw"}}},"Send_an_email_(V2)":{"runAfter":{"Get_file_content":["Succeeded"]},"type":"OpenApiConnection","inputs":{"parameters":{"emailMessage/To":"miya@algomau.ca;tplummer@algomau.ca","emailMessage/Subject":"CT Monthly Performance Overview","emailMessage/Body":"<p class=\"editor-paragraph\">Good day everyone,<br><br>Please find attached the monthly updated reports of the CT Performance Overview.<br><br>Thanks<br>Tahj Plummer</p>","emailMessage/From":"tplummer@algomau.ca","emailMessage/Attachments":[{"Name":"CT Sales Performance","ContentBytes":"@body('Get_file_content')"}],"emailMessage/Importance":"Normal"},"host":{"apiId":"/providers/Microsoft.PowerApps/apis/shared_office365","connectionName":"shared_office365","operationId":"SendEmailV2"},"authentication":{"value":"@json(decodeBase64(triggerOutputs().headers['X-MS-APIM-Tokens']))['$ConnectionKey']","type":"Raw"}}}}},"connectionReferences":{"shared_onedriveforbusiness":{"connectionName":"shared-onedriveforbu-5a0187e2-7bbf-4c51-876e-f43bee20ad40","source":"Invoker","id":"/providers/Microsoft.PowerApps/apis/shared_onedriveforbusiness","tier":"NotSpecified","apiName":"onedriveforbusiness","isProcessSimpleApiReferenceConversionAlreadyDone":false},"shared_office365":{"connectionName":"shared-office365-86664303-c5e5-4781-bce4-2ca67fb587c0","source":"Invoker","id":"/providers/Microsoft.PowerApps/apis/shared_office365","tier":"NotSpecified","apiName":"office365","isProcessSimpleApiReferenceConversionAlreadyDone":false}},"flowFailureAlertSubscribed":false,"isManaged":false}}